Camera,Battery standby,Build quality,Price,Processor,OS and UI,Security,,,
Storage,,,,,,,,,
Camera,Battery standby,Display,Price,Storage,Sound quality,,,,
Camera,Battery standby,Display,Build quality,Price,Processor,Storage,OS and UI,Sound quality,
Camera,Battery standby,Display,Price,Processor,Storage,OS and UI,Sound quality,,
Camera,Battery standby,Display,Build quality,Price,Processor,Storage,OS and UI,Security,Sound quality
Battery standby,Processor,Storage,OS and UI,,,,,,
Camera,Battery standby,Display,Price,OS and UI,Security,,,,
Battery standby,Price,Security,,,,,,,
Camera,Build quality,Processor,Storage,OS and UI,,,,,
Camera,Processor,Storage,Sound quality,,,,,,
Battery standby,Display,Processor,Storage,OS and UI,,,,,
Camera,Battery standby,Display,Price,Processor,Storage,,,,
Battery standby,Processor,Storage,,,,,,,
Camera,Battery standby,Build quality,Price,Processor,Storage,OS and UI,,,
Camera,Battery standby,Display,Build quality,Price,Processor,Storage,OS and UI,Security,Sound quality
Camera,Battery standby,Display,Build quality,Price,Processor,Storage,OS and UI,Security,Sound quality
Camera,Battery standby,Display,Price,Processor,Storage,OS and UI,Sound quality,,
Camera,Battery standby,Build quality,Processor,Storage,OS and UI,Security,,,
Camera,Display,Storage,Sound quality,,,,,,
Battery standby,Price,Processor,,,,,,,
Storage,,,,,,,,,
Camera,Battery standby,Display,Build quality,Price,Processor,Storage,OS and UI,Security,Sound quality
Display,,,,,,,,,
Battery standby,Storage,OS and UI,Security,,,,,,
Camera,Battery standby,Build quality,Price,Processor,OS and UI,Security,,,
Camera,Battery standby,Price,Storage,,,,,,
Camera,Battery standby,Processor,Storage,OS and UI,,,,,
Camera,Battery standby,Build quality,Processor,Storage,Security,Sound quality,,,
Camera,Processor,Storage,OS and UI,,,,,,
Camera,Battery standby,Display,Build quality,Price,Processor,Storage,OS and UI,Security,Sound quality
Battery standby,Build quality,Processor,Security,,,,,,
Camera,Price,Processor,Storage,,,,,,
Camera,Battery standby,Price,Processor,Storage,OS and UI,Sound quality,,,
Camera,Battery standby,Display,Build quality,Price,Processor,Storage,OS and UI,Security,Sound quality
Battery standby,Display,Build quality,Processor,Storage,OS and UI,Security,,,
Battery standby,Price,Processor,OS and UI,,,,,,
Battery standby,Display,Build quality,Price,OS and UI,Sound quality,,,,
Camera,Sound quality,,,,,,,,
Battery standby,Display,Build quality,Price,Processor,Storage,OS and UI,Security,,
Camera,Display,Processor,Storage,Security,Sound quality,,,,
Camera,Battery standby,Display,Build quality,Price,Processor,Storage,OS and UI,Security,Sound quality
Camera,Battery standby,Display,Build quality,Price,Processor,Storage,,,
Camera,Battery standby,Price,Processor,Sound quality,,,,,
Camera,Battery standby,Display,Build quality,Price,Processor,Storage,OS and UI,Security,Sound quality
Camera,Processor,Storage,,,,,,,
Camera,Battery standby,Display,Build quality,Price,Processor,Storage,OS and UI,Security,
Camera,Display,Price,Processor,Storage,,,,,
Processor,,,,,,,,,
Camera,Display,Build quality,Price,Processor,Security,,,,
Camera,Battery standby,Security,,,,,,,
Camera,Battery standby,Display,Build quality,Price,Processor,Storage,OS and UI,Security,Sound quality
Camera,Battery standby,Display,Price,Processor,Storage,OS and UI,Security,Sound quality,
Camera,Battery standby,Display,Price,Processor,Storage,Security,Sound quality,,
Camera,Battery standby,Display,Price,Processor,Storage,OS and UI,Security,Sound quality,
Camera,Battery standby,Display,Build quality,Price,Processor,Storage,OS and UI,Sound quality,
